title,url,category,tags
SqlBulkCopy,sqlbulkcopy,api,
SqlBulkCopy - SqlBulkCopyOptions,sqlbulkcopy-sqlbulkcopyoptions,api,
SqlBulkCopy - BatchSize,sqlbulkcopy-batchsize,api,
SqlBulkCopy - BulkCopyTimeout,sqlbulkcopy-bulkcopytimeout,api,
SqlBulkCopy - ColumnMappings,sqlbulkcopy-columnmappings,api,
SqlBulkCopy - DestinationTableName,sqlbulkcopy-destinationtablename,api,
SqlBulkCopy - EnableStreaming,sqlbulkcopy-enablestreaming,api,
SqlBulkCopy - NotifyAfter,sqlbulkcopy-notifyafter,api,
SqlBulkCopy - WriteToServer,sqlbulkcopy-writetoserver,api,
SqlBulkCopy - WriteToServerAsync,sqlbulkcopy-writetoserverasync,api,
SqlBulkCopy - SqlRowsCopied,sqlbulkcopy-sqlrowscopied,api,
SqlBulkCopy - Timeout Expired,timeout-expired,troubleshooting,
SqlBulkCopy - Column Mapping...,columnmapping-does-not-match,troubleshooting,
SqlBulkCopy - Examples,examples,examples,
SqlBulkCopy - FAQ,faq,faq,
SqlBulkCopy - Limitations,limitations,limitations,
SqlBulkCopy - Troubleshooting,troubleshooting,troubleshooting,
SqlBulkCopy - Execution Timeout Expired. The timeout period elapsed prior to completion of the operation or the server is not responding.,timeout-expired,troubleshooting,
SqlBulkCopy - The given ColumnMapping does not match up with any column in the source or destination.,columnmapping-does-not-match,troubleshooting,
SqlBulkCopy - WriteToServer requires an open and available Connection. The connection's current state is closed.,writetoserver-requires-an-open-and-available-connection,troubleshooting,
SqlBulkCopy - The given value of type String from the data source cannot be converted to type int of the specified target column.,type-a-cannot-be-converted-to-type-b,troubleshooting,
SqlBulkCopy - Cannot access destination table '[TheInvalidTableName]'.,cannot-access-destination-table,troubleshooting,
SqlBulkCopy - The DestinationTableName property must be set before calling this method.,the-destinationtablename-property-must-be-set-before-calling-this-method,troubleshooting,
SqlBulkCopy - Value cannot be null.,value-cannot-be-null,troubleshooting,
